ckt_name,generations,population,desired_gain,exec_counter,solution,solution_fitness,resistances,max_voltage,min_voltage,max_error,max_error_percent,avg_error,avg_error_percent
bjt_class_a_amp_4r,400,20,5,1,[42 94 75 90],37.254892604932486,[41414.14141414 93939.39393939 74747.47474747 89898.98989899],5.186314955884841,-4.7049453954253195,0.29519827949602107,5.903965589920421,0.16560033247574793,3.3120066495149585
bjt_class_a_amp_4r,400,20,5,2,[45 89 87 94],62.55939622054857,[44444.44444444 88888.88888889 86868.68686869 93939.39393939],4.835664974717058,-4.745373604974379,0.2551518163428117,5.103036326856234,0.0902762619117926,1.805525238235852
bjt_class_a_amp_4r,400,20,5,3,[35 47 97 72],29.366074577058583,[34343.43434343 46464.64646465 96969.6969697  71717.17171717],5.255785449983286,-5.026785878663209,0.33665459614298543,6.733091922859709,0.2109565127154684,4.219130254309368
bjt_class_a_amp_4r,400,20,5,4,[45 82 84 84],33.778498309291685,[44444.44444444 81818.18181818 83838.38383838 83838.38383838],5.204836689853121,-4.979772462011822,0.299717588218285,5.9943517643657,0.1802442040298933,3.604884080597866
bjt_class_a_amp_4r,400,20,5,5,[37 65 87 84],45.71939229450141,[36363.63636364 64646.46464646 86868.68686869 83838.38383838],5.099183325324352,-4.72828200519575,0.2719641277321365,5.43928255464273,0.13499828908742215,2.699965781748443
bjt_class_a_amp_4r,400,20,5,6,[ 71 100  98  76],36.10600193403869,[ 70707.07070707 100000.          97979.7979798   75757.57575758],5.1205449695445715,-5.0636796733240175,0.3096224737378983,6.192449474757966,0.17367231281037845,3.4734462562075694
bjt_class_a_amp_4r,400,20,5,7,[34 75 79 95],44.72213010062797,[33333.33333333 74747.47474747 78787.87878788 94949.49494949],5.010689026528059,-5.055535321364357,0.28328895605701065,5.665779121140213,0.13164829954363816,2.6329659908727634
bjt_class_a_amp_4r,400,20,5,8,[43 66 93 79],35.71313480112577,[42424.24242424 65656.56565657 92929.29292929 78787.87878788],5.148508097181681,-5.032484185813835,0.2990077382762979,5.980154765525958,0.17446735772371358,3.489347154474272
bjt_class_a_amp_4r,400,20,5,9,[41 62 89 74],26.848614817340177,[40404.04040404 61616.16161616 88888.88888889 73737.37373737],5.363067986248415,-4.822183295235294,0.40618562605263,8.1237125210526,0.22155842411130047,4.43116848222601
bjt_class_a_amp_4r,400,20,5,10,[ 10  18  96 100],37.46217156168755,[  9090.90909091  17171.71717172  95959.5959596  100000.        ],4.569732226054368,-5.036516585327644,0.43102796191889414,8.620559238377883,0.13636153684750846,2.7272307369501694
bjt_class_a_amp_4r,400,20,5,11,[30 62 84 95],57.91023343349517,[29292.92929293 61616.16161616 83838.38383838 94949.49494949],4.8628281409133445,-4.700211966340939,0.3002258730425016,6.004517460850032,0.0935110833526753,1.870221667053506
bjt_class_a_amp_4r,400,20,5,12,[13 26 87 98],48.99235657703831,[12121.21212121 25252.52525253 86868.68686869 97979.7979798 ],4.73919047127267,-4.699928539376952,0.30057829563938476,6.011565912787695,0.10643702987549389,2.1287405975098777
bjt_class_a_amp_4r,400,20,5,13,[ 38  64 100  94],42.11598649697766,[ 37373.73737374  63636.36363636 100000.          93939.39393939],4.615648401250927,-4.986025358920099,0.3851509087976259,7.7030181759525185,0.1189503673584677,2.3790073471693542
bjt_class_a_amp_4r,400,20,5,14,[49 95 88 93],47.23585858588212,[48484.84848485 94949.49494949 87878.78787879 92929.29292929],4.8232899661371675,-4.627811765477019,0.3725617801054497,7.451235602108993,0.10632993547424605,2.126598709484921
bjt_class_a_amp_4r,400,20,5,15,[69 87 98 67],27.810417270791106,[68686.86868687 86868.68686869 97979.7979798  66666.66666667],5.308870004326005,-4.5977375173676505,0.40212199123914427,8.042439824782885,0.21559851807990385,4.3119703615980765
bjt_class_a_amp_4r,400,20,5,16,[25 49 89 97],57.92130760217,[24242.42424242 48484.84848485 88888.88888889 96969.6969697 ],4.750412979360075,-4.960098907234478,0.2503831064110109,5.007662128220218,0.09510181802342708,1.9020363604685417
bjt_class_a_amp_4r,400,20,5,17,[57 98 87 82],36.564396468950584,[56565.65656566 97979.7979798  86868.68686869 81818.18181818],5.187094515901092,-4.930186249180957,0.28526503601503705,5.705300720300741,0.16678876188270308,3.3357752376540617
bjt_class_a_amp_4r,400,20,5,18,[64 93 97 77],38.599067688126574,[63636.36363636 92929.29292929 96969.6969697  76767.67676768],5.037819369436436,-4.551965010796999,0.4480939715519865,8.96187943103973,0.13522235354464635,2.704447070892927
bjt_class_a_amp_4r,400,20,5,19,[52 92 99 97],37.17159354449576,[51515.15151515 91919.19191919 98989.8989899  96969.6969697 ],4.55324371981547,-4.859305114079238,0.4474900494992875,8.94980098998575,0.12857699467908681,2.571539893581736
bjt_class_a_amp_4r,400,20,5,20,[28 45 96 86],72.27702664277682,[27272.72727273 44444.44444444 95959.5959596  85858.58585859],4.874954865407521,-4.879244076230926,0.1750383258254593,3.5007665165091866,0.08330883519791173,1.6661767039582345
bjt_class_a_amp_4r,400,20,10,1,[60 80 52 39],15.03159154070308,[59595.95959596 79797.97979798 51515.15151515 38383.83838384],9.2592952620838,-10.239801631570145,0.8069907273755836,8.069907273755836,0.38130445072308383,3.813044507230838
bjt_class_a_amp_4r,400,20,10,2,[48 48 59 32],17.89582897653668,[47474.74747475 47474.74747475 58585.85858586 31313.13131313],9.46703968230922,-9.073497978906687,0.9284633701643195,9.284633701643195,0.3041073838091011,3.0410738380910107
bjt_class_a_amp_4r,400,20,10,3,[99 69 71 25],15.704294057726127,[98989.8989899  68686.86868687 70707.07070707 24242.42424242],9.17952946083499,-10.10088013328485,0.8251952780480494,8.251952780480494,0.35583102072444495,3.5583102072444492
bjt_class_a_amp_4r,400,20,10,4,[18 30 42 40],13.305410908341143,[17171.71717172 29292.92929293 41414.14141414 39393.93939394],9.87729401029307,-10.28890423498352,1.0784213115115069,10.784213115115069,0.4093090437236358,4.093090437236358
bjt_class_a_amp_4r,400,20,10,5,[43 96 36 44],19.24777586055695,[42424.24242424 95959.5959596  35353.53535354 43434.34343434],9.845827193232793,-9.754418446891066,0.782626392255878,7.8262639225587805,0.285936004394817,2.8593600439481697
bjt_class_a_amp_4r,400,20,10,6,[48 53 56 34],20.20500537017124,[47474.74747475 52525.25252525 55555.55555556 33333.33333333],9.497436166145423,-9.263431070581362,0.7389067519748078,7.389067519748078,0.283613680665103,2.83613680665103
bjt_class_a_amp_4r,400,20,10,7,[ 6 78 11 43],22.039041787756947,[ 5050.50505051 77777.77777778 10101.01010101 42424.24242424],9.52591424751148,-9.592696428172465,0.6185408448839054,6.185408448839054,0.2671089039134741,2.6710890391347406
bjt_class_a_amp_4r,400,20,10,8,[30 42 47 37],18.794832804590182,[29292.92929293 41414.14141414 46464.64646465 36363.63636364],9.890709581164758,-9.747025354830253,0.7936443608702355,7.936443608702355,0.29246103387329253,2.9246103387329256
bjt_class_a_amp_4r,400,20,10,9,[71 73 62 35],14.563915969827413,[70707.07070707 72727.27272727 61616.16161616 34343.43434343],8.921398733287367,-9.820021135268187,1.083093013899548,10.83093013899548,0.3484782012239884,3.4847820122398843
bjt_class_a_amp_4r,400,20,10,10,[ 4 79  9 41],18.411452489492753,[ 3030.3030303  78787.87878788  8080.80808081 40404.04040404],9.184049198564281,-9.647002841907959,0.8248420074992584,8.248420074992584,0.29751228486542813,2.9751228486542813
bjt_class_a_amp_4r,400,20,10,11,[100  60  73  21],13.836143928551044,[100000.          59595.95959596  72727.27272727  20202.02020202],9.406156781537211,-10.40976550305709,0.9430819972736861,9.430819972736861,0.41266025928487643,4.126602592848765
bjt_class_a_amp_4r,400,20,10,12,[25 56 35 43],17.376788339195027,[24242.42424242 55555.55555556 34343.43434343 42424.24242424],10.017329212401926,-9.16782602657793,0.834044959958776,8.34044959958776,0.3319393506857646,3.319393506857646
bjt_class_a_amp_4r,400,20,10,13,[83 73 60 28],20.7055626277205,[82828.28282828 72727.27272727 59595.95959596 27272.72727273],9.819044271222644,-9.565946963801885,0.6968400548613669,6.968400548613669,0.2759752638664115,2.7597526386641156
bjt_class_a_amp_4r,400,20,10,14,[32 88 35 52],14.26409366361967,[31313.13131313 87878.78787879 34343.43434343 51515.15151515],8.933344411483501,-9.840417551575698,1.0722845610665814,10.722845610665814,0.36407616893715644,3.6407616893715646
bjt_class_a_amp_4r,400,20,10,15,[28 89 28 46],18.508345043154325,[27272.72727273 88888.88888889 27272.72727273 45454.54545455],9.994521162961068,-9.363225352130478,0.6932090164158282,6.932090164158282,0.31332150511150236,3.1332150511150236
bjt_class_a_amp_4r,400,20,10,16,[ 5 85  9 38],21.38063325378522,[ 4040.4040404  84848.48484848  8080.80808081 37373.73737374],9.797261418096026,-9.529510103372907,0.6729047699396391,6.729047699396391,0.2719405984891456,2.719405984891456
bjt_class_a_amp_4r,400,20,10,17,[ 5 70 10 41],16.590990899499026,[ 4040.4040404  69696.96969697  9090.90909091 40404.04040404],9.573742219306913,-10.168179310649794,0.8791203324553241,8.79120332455324,0.3421965957281771,3.421965957281771
bjt_class_a_amp_4r,400,20,10,18,[42 36 70 32],11.629279530937712,[41414.14141414 35353.53535354 69696.96969697 31313.13131313],8.618454665314923,-9.629795490778381,1.3856833668219188,13.856833668219187,0.4099464666110752,4.099464666110752
bjt_class_a_amp_4r,400,20,10,19,[52 91 42 41],18.62136193624316,[51515.15151515 90909.09090909 41414.14141414 40404.04040404],9.796831005247864,-9.865405072532617,0.8143941102939056,8.143941102939056,0.2904013506464909,2.9040135064649095
bjt_class_a_amp_4r,400,20,10,20,[66 75 54 34],15.928918748936235,[65656.56565657 74747.47474747 53535.35353535 33333.33333333],9.648237741434794,-10.177137147798444,0.9093364406022761,9.093364406022761,0.34972147217680855,3.4972147217680853
bjt_class_a_amp_4r,400,20,15,1,[18 69 13 25],10.482097416798162,[17171.71717172 68686.86868687 12121.21212121 24242.42424242],14.861468632533237,-14.146113782813474,1.473824159629329,9.82549439752886,0.5298002362410963,3.5320015749406424
bjt_class_a_amp_4r,400,20,15,2,[51 51 38 21],9.509991431030036,[50505.05050505 50505.05050505 37373.73737374 20202.02020202],13.491351530501849,-14.115392728678767,1.5200548267421539,10.133698844947693,0.5761019403489782,3.8406796023265217
bjt_class_a_amp_4r,400,20,15,3,[93 43 56 11],6.739661934171136,[92929.29292929 42424.24242424 55555.55555556 10101.01010101],12.671408165426879,-14.707398622151269,2.339688904112,15.597926027413333,0.7189607966161972,4.793071977441314
bjt_class_a_amp_4r,400,20,15,4,[30 88 19 30],9.142129698608251,[29292.92929293 87878.78787879 18181.81818182 29292.92929293],13.368400623064458,-14.32644163589687,1.6461545625248792,10.974363750165862,0.5850542157302484,3.9003614382016565
bjt_class_a_amp_4r,400,20,15,5,[12 98  7 21],11.661706267348544,[11111.11111111 97979.7979798   6060.60606061 20202.02020202],14.162622719463425,-14.08438585640348,1.2203179500196626,8.135453000131083,0.4976574902445695,3.317716601630463
bjt_class_a_amp_4r,400,20,15,6,[16 54 19 35],5.280410451462936,[15151.51515152 53535.35353535 18181.81818182 34343.43434343],12.026956196983507,-14.682099879666088,2.9878303253743717,19.918868835829144,0.848765998725959,5.658439991506394
bjt_class_a_amp_4r,400,20,15,7,[76 36 54 11],7.740860034562162,[75757.57575758 35353.53535354 53535.35353535 10101.01010101],13.009620073956707,-14.675484247503768,2.0016347522064137,13.344231681376092,0.6542831002989479,4.361887335326319
bjt_class_a_amp_4r,400,20,15,8,[55 63 33 21],10.194801348911414,[54545.45454545 62626.26262626 32323.23232323 20202.02020202],14.36902001726612,-13.360399150468671,1.643493561704652,10.95662374469768,0.5367689551273819,3.5784597008492125
bjt_class_a_amp_4r,400,20,15,9,[90 96 34 20],11.475890990580421,[89898.98989899 95959.5959596  33333.33333333 19191.91919192],14.432317434411424,-14.12660301180293,1.3238543707874548,8.8256958052497,0.49319926478983894,3.287995098598926
bjt_class_a_amp_4r,400,20,15,10,[99 44 44  8],6.293503905058819,[98989.8989899  43434.34343434 43434.34343434  7070.70707071],15.944200913315898,-12.940762057683141,2.0593672727924908,13.729115151949939,0.9872273589674923,6.581515726449948
bjt_class_a_amp_4r,400,20,15,11,[57 63  6 11],4.474896051374777,[56565.65656566 62626.26262626  5050.50505051 10101.01010101],12.192611773435802,-17.42011940106485,2.8425186489098504,18.95012432606567,1.2171387773384361,8.114258515589574
bjt_class_a_amp_4r,400,20,15,12,[44 85 24 26],11.596538270396236,[43434.34343434 84848.48484848 23232.32323232 25252.52525253],14.203962631438571,-14.17573838856403,1.2475167983871884,8.31677865591459,0.49444195809296776,3.2962797206197854
bjt_class_a_amp_4r,400,20,15,13,[55 39 36 13],6.036460094877578,[54545.45454545 38383.83838384 35353.53535354 12121.21212121],16.214278711249342,-13.90964791173479,1.8290988723965373,12.193992482643583,1.0361508822369054,6.907672548246037
bjt_class_a_amp_4r,400,20,15,14,[28 75 18 26],11.023610874877809,[27272.72727273 74747.47474747 17171.71717172 25252.52525253],14.695227082694906,-13.931705605585254,1.3340738348777759,8.893825565851838,0.5099590990685401,3.3997273271236006
bjt_class_a_amp_4r,400,20,15,15,[47 31  3  4],4.812786577559991,[46464.64646465 30303.03030303  2020.2020202   3030.3030303 ],12.413048406494775,-17.35696502242856,2.648167098202922,17.654447321352816,1.1389226251482611,7.592817500988408
bjt_class_a_amp_4r,400,20,15,16,[34 70 25 29],8.607791686231947,[33333.33333333 69696.96969697 24242.42424242 28282.82828283],13.272814802957967,-13.994501630602985,1.7397201702458815,11.598134468305878,0.6189060547739806,4.126040365159871
bjt_class_a_amp_4r,400,20,15,17,[29 91 14 23],5.813168847624531,[28282.82828283 90909.09090909 13131.31313131 22222.22222222],15.77564280604924,-15.35567448907198,2.3176611848542112,15.451074565694741,1.0464934937719166,6.976623291812777
bjt_class_a_amp_4r,400,20,15,18,[64 86 28 21],9.009869422294939,[63636.36363636 85858.58585859 27272.72727273 20202.02020202],15.222940640197557,-13.662273168279038,1.4159065133013211,9.43937675534214,0.6650691797804084,4.433794531869388
bjt_class_a_amp_4r,400,20,15,19,[49 84 26 25],10.8956081997206,[48484.84848485 83838.38383838 25252.52525253 24242.42424242],14.288066687077606,-13.597276265065128,1.4077716008639563,9.38514400575971,0.5181484684712172,3.4543231231414477
bjt_class_a_amp_4r,400,20,15,20,[ 6 42  6 18],4.747783034151205,[ 5050.50505051 41414.14141414  5050.50505051 17171.71717172],14.735660876150014,-17.20846337420121,2.8442948389739566,18.96196559315971,1.0790033145967006,7.193355430644671
bjt_class_a_amp_4r,400,20,20,1,[58 76 20 15],7.362262567154404,[57575.75757576 75757.57575758 19191.91919192 14141.41414141],19.128247009010146,-19.261533947480338,2.263448376735493,11.317241883677465,0.7302877377289305,3.651438688644652
bjt_class_a_amp_4r,400,20,20,2,[40 90 15 19],6.119761379325758,[39393.93939394 89898.98989899 14141.41414141 18181.81818182],17.58647199571579,-18.843189017037187,2.4416607994327286,12.208303997163643,0.8754476679007527,4.377238339503763
bjt_class_a_amp_4r,400,20,20,3,[23 85  9 17],6.625378838389415,[22222.22222222 84848.48484848  8080.80808081 16161.61616162],17.87332983561867,-19.120058146191976,2.1646835299781344,10.823417649890672,0.8248588138140025,4.124294069070013
bjt_class_a_amp_4r,400,20,20,4,[24 78 10 17],7.154108181743538,[23232.32323232 77777.77777778  9090.90909091 16161.61616162],18.332077573685226,-18.35844023382842,1.7009060201063484,8.504530100531742,0.7951974030481594,3.975987015240797
bjt_class_a_amp_4r,400,20,20,5,[29 94  9 15],7.374778119759998,[28282.82828283 93939.39393939  8080.80808081 14141.41414141],19.570241442011316,-18.58953474562668,2.2004241717997033,11.002120858998516,0.74759856365358,3.7379928182679003
bjt_class_a_amp_4r,400,20,20,6,[97 42 39  7],5.619642671159469,[96969.6969697  41414.14141414 38383.83838384  6060.60606061],17.324204527286724,-18.77153761578736,2.696274997339561,13.481374986697805,0.9338150757866551,4.669075378933275
bjt_class_a_amp_4r,400,20,20,7,[92 72 24 10],4.850076718044056,[91919.19191919 71717.17171717 23232.32323232  9090.90909091],21.022140316362115,-18.93364191901734,2.8949684153816104,14.47484207690805,1.2461740551475056,6.230870275737528
bjt_class_a_amp_4r,400,20,20,8,[98 38 34  5],5.018460846421415,[97979.7979798  37373.73737374 33333.33333333  4040.4040404 ],20.172836629899315,-16.58280653099254,3.418300280459512,17.09150140229756,1.061612728777695,5.308063643888476
bjt_class_a_amp_4r,400,20,20,9,[23 32 21 17],6.510948867967376,[22222.22222222 31313.13131313 20202.02020202 16161.61616162],17.878660502635334,-18.488455084193923,2.1450285247663423,10.725142623831712,0.8483661046502962,4.241830523251481
bjt_class_a_amp_4r,400,20,20,10,[25 87  9 16],7.7387998243192655,[24242.42424242 86868.68686869  8080.80808081 15151.51515152],18.707114764516053,-18.589251904500692,1.8333384547711997,9.166692273855999,0.7413593624592718,3.706796812296359
bjt_class_a_amp_4r,400,20,20,11,[76 82 23 14],7.33253256063356,[75757.57575758 81818.18181818 22222.22222222 13131.31313131],18.90769158935153,-19.366359678989696,2.204783609361254,11.02391804680627,0.7370203255984188,3.6851016279920943
bjt_class_a_amp_4r,400,20,20,12,[62 58 25 13],7.412096078038674,[61616.16161616 57575.75757576 24242.42424242 12121.21212121],18.876742762084376,-19.28106789599624,2.162764632014019,10.813823160070095,0.7350651166847839,3.67532558342392
bjt_class_a_amp_4r,400,20,20,13,[35 64 17 18],6.516219101539129,[34343.43434343 63636.36363636 16161.61616162 17171.71717172],17.933873356522344,-19.572117060002547,2.0950430839710137,10.475215419855068,0.8271100272181476,4.135550136090738
bjt_class_a_amp_4r,400,20,20,14,[64 81  2  3],4.248403337986625,[63636.36363636 80808.08080808  1010.1010101   2020.2020202 ],17.18494951942775,-22.72170462965235,2.956319390644886,14.78159695322443,1.3436480066471304,6.718240033235652
bjt_class_a_amp_4r,400,20,20,15,[98 93 23 12],6.336081894955983,[97979.7979798  92929.29292929 22222.22222222 11111.11111111],20.110919503909376,-18.80990103582938,2.50140278089534,12.507013904476699,0.8801047030270641,4.400523515135321
bjt_class_a_amp_4r,400,20,20,16,[77 79 26 15],6.174696592621459,[76767.67676768 78787.87878788 25252.52525253 14141.41414141],17.629353976716388,-19.013340033151916,2.394188838925146,11.97094419462573,0.8680760478008964,4.340380239004482
bjt_class_a_amp_4r,400,20,20,17,[ 7 15 16 21],4.449966411751366,[ 6060.60606061 14141.41414141 15151.51515152 20202.02020202],16.53336742099554,-18.648376440915683,3.492809099032577,17.464045495162885,1.0980886266801988,5.490443133400994
bjt_class_a_amp_4r,400,20,20,18,[24 89  9 17],6.644257973229197,[23232.32323232 88888.88888889  8080.80808081 16161.61616162],17.879021208937075,-19.042390174304025,2.158659809701419,10.793299048507095,0.8246233251048071,4.123116625524036
bjt_class_a_amp_4r,400,20,20,19,[86 93 20 12],4.819390130130595,[85858.58585859 92929.29292929 19191.91919192 11111.11111111],21.149936789152733,-18.088301397862374,2.5966361667385716,12.98318083369286,1.2976171465733581,6.488085732866791
bjt_class_a_amp_4r,400,20,20,20,[91 57 35 11],4.9544406011940705,[90909.09090909 56565.65656566 34343.43434343 10101.01010101],16.905935012203123,-18.701527614302382,3.114822139188629,15.574110695943144,1.02099244378193,5.10496221890965
bjt_class_a_amp_8r,400,20,5,1,[47 86 77  9 95 89 72 85],71.74967268706241,"[46464.64646465  8585.85858586 76767.67676768   808.08080808
 94949.49494949  8888.88888889 71717.17171717  8484.84848485]",4.853246223791796,-4.882245171155075,0.17214381592025463,3.442876318405093,0.08366143582452465,1.6732287164904929
bjt_class_a_amp_8r,400,20,5,2,[59 33 97 18 83 94 71 94],48.107074098804986,"[58585.85858586  3232.32323232 96969.6969697   1717.17171717
 82828.28282828  9393.93939394 70707.07070707  9393.93939394]",5.092767277373222,-4.785787992726243,0.21766754674677946,4.353350934935589,0.12987424170149178,2.5974848340298355
bjt_class_a_amp_8r,400,20,5,3,[47 41 90 50 87 30 86 60],71.58165040576034,"[46464.64646465  4040.4040404  89898.98989899  4949.49494949
 86868.68686869  2929.29292929 85858.58585859  5959.5959596 ]",4.849867829490151,-4.8847504866740055,0.17228040813186274,3.4456081626372552,0.08373277830032623,1.6746555660065245
bjt_class_a_amp_8r,400,20,5,4,[36 55 78 97 76 77 93 35],72.39913903848081,"[35353.53535354  5454.54545455 77777.77777778  9696.96969697
 75757.57575758  7676.76767677 92929.29292929  3434.34343434]",4.858426064197197,-4.869899594262406,0.16772880298603265,3.3545760597206526,0.08330991707476344,1.6661983414952688
bjt_class_a_amp_8r,400,20,5,5,[63 11 83 62 99 47 75 46],72.56029960434444,"[62626.26262626  1010.1010101  82828.28282828  6161.61616162
 98989.8989899   4646.46464646 74747.47474747  4545.45454545]",4.8778809218043895,-4.865636291691899,0.1706900967077365,3.4138019341547294,0.08321922965700647,1.6643845931401293
bjt_class_a_amp_8r,400,20,5,6,[27 54 90 31 61 81 94 98],67.65343267316564,"[26262.62626263  5353.53535354 89898.98989899  3030.3030303
 60606.06060606  8080.80808081 93939.39393939  9797.97979798]",4.933727579863589,-4.79229020328098,0.2082345772873344,4.164691545746688,0.08701975018762508,1.7403950037525016
bjt_class_a_amp_8r,400,20,5,7,[40 16 92 64 75 39 91 95],72.05572576867938,"[39393.93939394  1515.15151515 91919.19191919  6363.63636364
 74747.47474747  3838.38383838 90909.09090909  9494.94949495]",4.848332454578963,-4.86956622702206,0.16533024446174682,3.306604889234936,0.08353636975033352,1.6707273950066703
bjt_class_a_amp_8r,400,20,5,8,[48 30 89 20 86 51 80 95],72.39587659222352,"[47474.74747475  2929.29292929 88888.88888889  1919.19191919
 85858.58585859  5050.50505051 79797.97979798  9494.94949495]",4.88889961333856,-4.86590379327454,0.17278628590566747,3.455725718113349,0.08329521578534578,1.6659043157069156
bjt_class_a_amp_8r,400,20,5,9,[  1  78  11   8 100  24  72  64],68.33777312361438,"[     0.           7777.77777778  10101.01010101    707.07070707
 100000.           2323.23232323  71717.17171717   6363.63636364]",4.937345572369534,-4.804021992581631,0.19641068214985946,3.9282136429971892,0.08657449757794974,1.7314899515589948
bjt_class_a_amp_8r,400,20,5,10,[40 55 99 24 78 34 94 42],72.47702075424723,"[39393.93939394  5454.54545455 98989.8989899   2323.23232323
 77777.77777778  3333.33333333 93939.39393939  4141.41414141]",4.857213862669529,-4.852389522201039,0.1608403412163053,3.2168068243261057,0.0833867232255449,1.667734464510898
bjt_class_a_amp_8r,400,20,5,11,[17 43 37 21 92  4 95  2],57.325314163333225,"[16161.61616162  4242.42424242 36363.63636364  2020.2020202
 91919.19191919   303.03030303 94949.49494949   101.01010101]",4.729524001841412,-4.924599434773658,0.27124493462895494,5.424898692579099,0.09483023493377848,1.8966046986755698
bjt_class_a_amp_8r,400,20,5,12,[ 18   9  18  98  85  75  66 100],35.87265974295394,"[17171.71717172   808.08080808 17171.71717172  9797.97979798
 84848.48484848  7474.74747475 65656.56565657 10000.        ]",5.217369941214711,-4.785776933585129,0.29874480383132207,5.974896076626441,0.17216961234968695,3.4433922469937386
bjt_class_a_amp_8r,400,20,5,13,[59 25 76 41 96 93 67 84],68.1268609214144,"[58585.85858586  2424.24242424 75757.57575758  4040.4040404
 95959.5959596   9292.92929293 66666.66666667  8383.83838384]",4.946446827723205,-4.831305059612445,0.17139147756293127,3.427829551258625,0.08706011587471739,1.7412023174943478
bjt_class_a_amp_8r,400,20,5,14,[34 57 80 85 72 87 92 56],72.37447707010419,"[33333.33333333  5656.56565657 79797.97979798  8484.84848485
 71717.17171717  8686.86868687 91919.19191919  5555.55555556]",4.888651207610462,-4.869621963178572,0.17380948946015184,3.4761897892030365,0.08329362540220499,1.6658725080440997
bjt_class_a_amp_8r,400,20,5,15,[10 62 44 24 64 44 95 98],69.98022111077624,"[ 9090.90909091  6161.61616162 43434.34343434  2323.23232323
 63636.36363636  4343.43434343 94949.49494949  9797.97979798]",4.929790625842889,-4.822827210448022,0.17771284476546345,3.554256895309269,0.08529940089480989,1.7059880178961977
bjt_class_a_amp_8r,400,20,5,16,[48  7 97 51 78 65 90 65],71.67018985329649,"[47474.74747475   606.06060606 96969.6969697   5050.50505051
 77777.77777778  6464.64646465 89898.98989899  6464.64646465]",4.843103357220957,-4.87307839433877,0.16576481432162193,3.3152962864324382,0.08377487212434631,1.6754974424869264
bjt_class_a_amp_8r,400,20,5,17,[34 27 72 73 81 17 97  5],72.20291339700948,"[33333.33333333  2626.26262626 71717.17171717  7272.72727273
 80808.08080808  1616.16161616 96969.6969697    404.04040404]",4.852534404640929,-4.870722284429374,0.16674729982768444,3.3349459965536883,0.08345441376468392,1.6690882752936782
bjt_class_a_amp_8r,400,20,5,18,[38 70 82 69 88  6 96  1],64.30927156931311,"[37373.73737374  6969.6969697  81818.18181818  6868.68686869
 87878.78787879   505.05050505 95959.5959596      0.        ]",4.772647408558273,-4.864059371688478,0.22809658785183284,4.561931757036657,0.08894190633275684,1.7788381266551367
bjt_class_a_amp_8r,400,20,5,19,[ 1  2  2 25  3 10 43 43],14.897603946946399,"[    0.           101.01010101  1010.1010101   2424.24242424
  2020.2020202    909.09090909 42424.24242424  4242.42424242]",4.195914992210081,-5.763224855561777,0.8250532216170097,16.501064432340193,0.38391489073355395,7.678297814671079
bjt_class_a_amp_8r,400,20,5,20,[57 16 95 39 92 46 90  1],63.06098011942784,"[56565.65656566  1515.15151515 94949.49494949  3838.38383838
 91919.19191919  4545.45454545 89898.98989899     0.        ]",4.767547211808032,-4.9019910014900026,0.23320888429882913,4.664177685976583,0.08974142905096069,1.7948285810192137
bjt_class_a_amp_8r,400,20,10,1,[31 45 43 25 46 57 28 91],21.776943254823927,"[30303.03030303  4444.44444444 42424.24242424  2424.24242424
 45454.54545455  5656.56565657 27272.72727273  9090.90909091]",9.521681616458766,-9.491120904875029,0.5755635726660575,5.755635726660575,0.27000125365826066,2.700012536582607
bjt_class_a_amp_8r,400,20,10,2,[45 34 31 84 65  9 23 52],19.53097017998255,"[44444.44444444  3333.33333333 30303.03030303  8383.83838384
 64646.46464646   808.08080808 22222.22222222  5151.51515152]",9.306483919258746,-9.70077049088507,0.6978371481906702,6.978371481906702,0.2870916967773895,2.8709169677738946
bjt_class_a_amp_8r,400,20,10,3,[ 9  8 64 35 13 41 49  4],21.294748143104037,"[ 8080.80808081   707.07070707 63636.36363636  3434.34343434
 12121.21212121  4040.4040404  48484.84848485   303.03030303]",9.457090193012574,-9.50992228132943,0.5765868915110302,5.7658689151103015,0.2746074913607307,2.746074913607307
bjt_class_a_amp_8r,400,20,10,4,[33 11 36 75 46 51 34 25],21.948851226234325,"[32323.23232323  1010.1010101  35353.53535354  7474.74747475
 45454.54545455  5050.50505051 33333.33333333  2424.24242424]",9.635954019307057,-9.564082140368303,0.6404508163293938,6.404508163293938,0.26649799864519197,2.66497998645192
bjt_class_a_amp_8r,400,20,10,5,[88 51 71  1 67  2 23 35],20.56850864070393,"[87878.78787879  5050.50505051 70707.07070707     0.
 66666.66666667   101.01010101 22222.22222222  3434.34343434]",9.374177919233674,-9.557405748905868,0.6299622627540664,6.299622627540664,0.279701834070407,2.79701834070407
bjt_class_a_amp_8r,400,20,10,6,[15 99 60 61 27 59 46 12],21.39371791761725,"[14141.41414141  9898.98989899 59595.95959596  6060.60606061
 26262.62626263  5858.58585859 45454.54545455  1111.11111111]",9.61746586676342,-9.498244459410543,0.6451158607730241,6.451158607730241,0.2726186568467775,2.726186568467775
bjt_class_a_amp_8r,400,20,10,7,[31 41 83 88 29 50 47  9],20.983413280366374,"[30303.03030303  4040.4040404  82828.28282828  8787.87878788
 28282.82828283  4949.49494949 46464.64646465   808.08080808]",9.479801301701185,-9.585848068836956,0.6307508331622609,6.307508331622609,0.2762928380448403,2.762928380448403
bjt_class_a_amp_8r,400,20,10,8,[17  3 23 45 40 76 43  4],17.684618965813137,"[16161.61616162   202.02020202 22222.22222222  4444.44444444
 39393.93939394  7575.75757576 42424.24242424   303.03030303]",9.149521557414953,-9.657174270659418,0.8550189192121564,8.550189192121564,0.3063633183159412,3.0636331831594124
bjt_class_a_amp_8r,400,20,10,9,[ 1 52 83 53  1 94 38 35],22.325919487343032,"[    0.          5151.51515152 82828.28282828  5252.52525253
     0.          9393.93939394 37373.73737374  3434.34343434]",9.609429106016654,-9.519554605295255,0.6143251699788328,6.143251699788328,0.2652649361734418,2.6526493617344182
bjt_class_a_amp_8r,400,20,10,10,[73 72 84 99 49 46 33 16],21.93233812347805,"[72727.27272727  7171.71717172 83838.38383838  9898.98989899
 48484.84848485  4545.45454545 32323.23232323  1515.15151515]",9.645717432213896,-9.460237496820367,0.6008637796707879,6.008637796707879,0.26803279095617916,2.6803279095617913
bjt_class_a_amp_8r,400,20,10,11,[32 88 99 16 28 68 45 14],22.031632834285865,"[31313.13131313  8787.87878788 98989.8989899   1515.15151515
 27272.72727273  6767.67676768 44444.44444444  1313.13131313]",9.640940370765083,-9.522303456227599,0.6248943220524579,6.248943220524579,0.2665013048143099,2.665013048143099
bjt_class_a_amp_8r,400,20,10,12,[40 13 38 72 53 36 30 42],21.246907709197007,"[39393.93939394  1212.12121212 37373.73737374  7171.71717172
 52525.25252525  3535.35353535 29292.92929293  4141.41414141]",9.44419147796738,-9.507033573051737,0.5600023350405188,5.600023350405188,0.2745803968891767,2.745803968891767
bjt_class_a_amp_8r,400,20,10,13,[ 22  89  90 100  22  71  42  67],21.552208174100084,"[21212.12121212  8888.88888889 89898.98989899 10000.
 21212.12121212  7070.70707071 41414.14141414  6666.66666667]",9.6058605690712,-9.50580498218132,0.6367645427547393,6.367645427547393,0.27129836953922565,2.712983695392256
bjt_class_a_amp_8r,400,20,10,14,[13 78 49 90 26 56 39 84],21.24667327429599,"[12121.21212121  7777.77777778 48484.84848485  8989.8989899
 25252.52525253  5555.55555556 38383.83838384  8383.83838384]",9.65932376131069,-9.407095991964898,0.6237694117312547,6.237694117312547,0.2745620433620669,2.7456204336206693
bjt_class_a_amp_8r,400,20,10,15,[24 70 62 24 30 82 37 70],21.218905785478775,"[23232.32323232  6969.6969697  61616.16161616  2323.23232323
 29292.92929293  8181.81818182 36363.63636364  6969.6969697 ]",9.69547384399867,-9.485758286179635,0.6638917788223324,6.638917788223324,0.2733203568672634,2.733203568672634
bjt_class_a_amp_8r,400,20,10,16,[75 97 73 46 54 65 22 77],21.99479753914258,"[74747.47474747  9696.96969697 72727.27272727  4545.45454545
 53535.35353535  6464.64646465 21212.12121212  7676.76767677]",9.604907706373522,-9.538544763929302,0.6207261712333407,6.207261712333407,0.2667592746153471,2.667592746153471
bjt_class_a_amp_8r,400,20,10,17,[31 24 59 21 45  1 46  5],15.644764909414553,"[30303.03030303  2323.23232323 58585.85858586  2020.2020202
 44444.44444444     0.         45454.54545455   404.04040404]",8.996772667597575,-9.587940900408665,1.0077621810289354,10.077621810289354,0.3329684871419445,3.329684871419445
bjt_class_a_amp_8r,400,20,10,18,[57 89 88 61 43 48 33 50],21.622141378622107,"[56565.65656566  8888.88888889 87878.78787879  6060.60606061
 42424.24242424  4747.47474747 32323.23232323  4949.49494949]",9.729193845349737,-9.464944086846794,0.6275480280488717,6.275480280488717,0.26962925300886353,2.6962925300886353
bjt_class_a_amp_8r,400,20,10,19,[28 50 65 88 33 39 43 24],21.40367256523688,"[27272.72727273  4949.49494949 64646.46464646  8787.87878788
 32323.23232323  3838.38383838 42424.24242424  2323.23232323]",9.610916221099618,-9.53395701015154,0.6549607678727671,6.549607678727671,0.271992998190321,2.7199299819032103
bjt_class_a_amp_8r,400,20,10,20,[39 81 17 72 77 58 18  7],13.979480458455614,"[38383.83838384  8080.80808081 16161.61616162  7171.71717172
 76767.67676768  5757.57575758 17171.71717172   606.06060606]",8.856702444705366,-9.709695183967415,1.1474287866218607,11.474287866218607,0.3578914317544697,3.5789143175446974
bjt_class_a_amp_8r,400,20,15,1,[20 78 86 13 11 61 27 13],11.227621490142432,"[19191.91919192  7777.77777778 85858.58585859  1212.12121212
 10101.01010101  6060.60606061 26262.62626263  1212.12121212]",13.946855342060793,-14.158389831107554,1.1335069784433394,7.556713189622262,0.5106029969218799,3.4040199794791994
bjt_class_a_amp_8r,400,20,15,2,[ 77 100  65  29  30  95  14  22],11.394027711202236,"[76767.67676768 10000.         64646.46464646  2828.28282828
 29292.92929293  9494.94949495 13131.31313131  2121.21212121]",14.507542828012344,-14.112370930662665,1.3396303652783725,8.930869101855816,0.49438836168050904,3.295922411203393
bjt_class_a_amp_8r,400,20,15,3,[12 82 50 92 10 73 24 33],11.70813500134719,"[11111.11111111  8181.81818182 49494.94949495  9191.91919192
  9090.90909091  7272.72727273 23232.32323232  3232.32323232]",14.283759959296516,-14.129725111273107,1.2576036567293958,8.38402437819597,0.49079777061970337,3.2719851374646893
bjt_class_a_amp_8r,400,20,15,4,[91 11 49 34 45  6 11 13],11.587001448069364,"[90909.09090909  1010.1010101  48484.84848485  3333.33333333
 44444.44444444   505.05050505 10101.01010101  1212.12121212]",14.340796684373347,-14.076687772238383,1.2641809145547747,8.427872763698497,0.4928900602517695,3.2859337350117963
bjt_class_a_amp_8r,400,20,15,5,[53 33 74 27 28 18 22  9],11.601502125729336,"[52525.25252525  3232.32323232 73737.37373737  2626.26262626
 27272.72727273  1717.17171717 21212.12121212   808.08080808]",14.37180673448366,-14.036786087272368,1.2593555788964892,8.395703859309927,0.4927912541351762,3.2852750275678417
bjt_class_a_amp_8r,400,20,15,6,[ 7  4 82 94  4  5  6 92],12.186941745375606,"[ 6060.60606061   303.03030303 81818.18181818  9393.93939394
  3030.3030303    404.04040404  5050.50505051  9191.91919192]",14.313412571892492,-14.174318483648651,1.2452398331179015,8.301598887452677,0.4809915989168223,3.206610659445482
bjt_class_a_amp_8r,400,20,15,7,[23 79 62 72 14 76 26  9],11.62266350392758,"[22222.22222222  7878.78787879 61616.16161616  7171.71717172
 13131.31313131  7575.75757576 25252.52525253   808.08080808]",14.211737708712358,-14.048347950727402,1.2044895487617069,8.029930325078045,0.4961678849381391,3.3077858995875937
bjt_class_a_amp_8r,400,20,15,8,[75  3 25 11 47 75  4 22],11.354216198890201,"[74747.47474747   202.02020202 24242.42424242  1010.1010101
 46464.64646465  7474.74747475  3030.3030303   2121.21212121]",14.07408015511385,-14.263464368505518,1.2247018164755161,8.164678776503441,0.5017186397424858,3.3447909316165716
bjt_class_a_amp_8r,400,20,15,9,[20  9 18 59 31 31 22  1],10.951115917135725,"[19191.91919192   808.08080808 17171.71717172  5858.58585859
 30303.03030303  3030.3030303  21212.12121212     0.        ]",13.886601405897569,-14.236744572968218,1.1467173687274865,7.644782458183244,0.5181967656775984,3.4546451045173225
bjt_class_a_amp_8r,400,20,15,10,[40 32 58 66 28  5 21 32],11.560676341413979,"[39393.93939394  3131.31313131 57575.75757576  6565.65656566
 27272.72727273   404.04040404 20202.02020202  3131.31313131]",14.186809837265791,-14.160398604643309,1.2381537898431283,8.254358598954187,0.4960678496658073,3.307118997772049
bjt_class_a_amp_8r,400,20,15,11,[19 11 89 76  7 43 19 62],11.694202328167467,"[18181.81818182  1010.1010101  88888.88888889  7575.75757576
  6060.60606061  4242.42424242 18181.81818182  6161.61616162]",14.446131550237507,-14.125728255427195,1.3111861255292911,8.741240836861941,0.4886625912938329,3.2577506086255523
bjt_class_a_amp_8r,400,20,15,12,[29 61 11 84 46 15  9 31],11.300816903963836,"[28282.82828283  6060.60606061 10101.01010101  8383.83838384
 45454.54545455  1414.14141414  8080.80808081  3030.3030303 ]",14.013913767136877,-14.176851552726655,1.1710201224564187,7.806800816376125,0.5065777302019379,3.377184868012919
bjt_class_a_amp_8r,400,20,15,13,[ 26  60  55  40  14 100  15 100],11.34161121027865,"[25252.52525253  5959.5959596  54545.45454545  3939.39393939
 13131.31313131 10000.         14141.41414141 10000.        ]",14.55992927803631,-14.059308414581317,1.3401139829666455,8.934093219777637,0.4969228795371894,3.312819196914596
bjt_class_a_amp_8r,400,20,15,14,[ 8 25 66 56  3 49 17 48],11.531831305847355,"[ 7070.70707071  2424.24242424 65656.56565657  5555.55555556
  2020.2020202   4848.48484848 16161.61616162  4747.47474747]",14.43738319721457,-14.069065586805962,1.3378075900158226,8.918717266772152,0.4953420709675219,3.302280473116813
bjt_class_a_amp_8r,400,20,15,15,[45 72 24 62 39 64 10 25],11.530575181815585,"[44444.44444444  7171.71717172 23232.32323232  6161.61616162
 38383.83838384  6363.63636364  9090.90909091  2424.24242424]",14.321503043151761,-14.227691561442102,1.3115388666982213,8.743592444654809,0.4913577056531713,3.275718037687809
bjt_class_a_amp_8r,400,20,15,16,[70 46 80 44 25 83 18 30],11.5959443460242,"[69696.96969697  4545.45454545 79797.97979798  4343.43434343
 24242.42424242  8282.82828283 17171.71717172  2929.29292929]",14.323913128267707,-14.163559658232373,1.2881831470066452,8.587887646710968,0.49149313397652034,3.276620893176802
bjt_class_a_amp_8r,400,20,15,17,[61 34 48 81 38  3 16 20],11.58149542014442,"[60606.06060606  3333.33333333 47474.74747475  8080.80808081
 37373.73737374   202.02020202 15151.51515152  1919.19191919]",14.245160791710077,-14.18315760668245,1.2649510881033557,8.433007254022371,0.49311550739261156,3.2874367159507436
bjt_class_a_amp_8r,400,20,15,18,[25 11 79 54 15  9 21 58],11.62069651390126,"[24242.42424242  1010.1010101  78787.87878788  5353.53535354
 14141.41414141   808.08080808 20202.02020202  5757.57575758]",14.439076889897384,-14.113005006263801,1.3097390276992815,8.731593517995211,0.4904892335540777,3.269928223693851
bjt_class_a_amp_8r,400,20,15,19,[96 13 57 71 43 12  9 56],11.304197952084927,"[95959.5959596   1212.12121212 56565.65656566  7070.70707071
 42424.24242424  1111.11111111  8080.80808081  5555.55555556]",14.024293183001257,-14.086967205661761,1.1447910726650363,7.631940484433576,0.5078613608141448,3.3857424054276315
bjt_class_a_amp_8r,400,20,15,20,[44 93 93 82 18 63 20 58],11.647592678348868,"[43434.34343434  9292.92929293 92929.29292929  8181.81818182
 17171.71717172  6262.62626263 19191.91919192  5757.57575758]",14.277052983149607,-14.090157634741152,1.2437570235287865,8.29171349019191,0.49273895919945715,3.284926394663048
bjt_class_a_amp_8r,400,20,20,1,[96 93 54 35 22 95  2 62],7.466477366601629,"[95959.5959596   9292.92929293 53535.35353535  3434.34343434
 21212.12121212  9494.94949495  1010.1010101   6161.61616162]",19.378911798832366,-18.47402697755457,2.089058988102261,10.445294940511305,0.7401890021326769,3.7009450106633848
bjt_class_a_amp_8r,400,20,20,2,[53 42 76 21 13 71  9 67],7.73259458356778,"[52525.25252525  4141.41414141 75757.57575758  2020.2020202
 12121.21212121  7070.70707071  8080.80808081  6666.66666667]",18.830623480758124,-18.609270199905616,1.8885966293055336,9.442983146527668,0.7347769239041614,3.6738846195208072
bjt_class_a_amp_8r,400,20,20,3,[44 76 28  6 32  7  6 27],7.405365488023927,"[43434.34343434  7575.75757576 27272.72727273   505.05050505
 31313.13131313   606.06060606  5050.50505051  2626.26262626]",18.65103944112577,-19.217606560450363,2.040826572960057,10.204132864800286,0.7451443445301709,3.7257217226508543
bjt_class_a_amp_8r,400,20,20,4,[70 37 73 45 18 55 12 19],7.7232029631106816,"[69696.96969697  3636.36363636 72727.27272727  4444.44444444
 17171.71717172  5454.54545455 11111.11111111  1818.18181818]",18.95011786220828,-18.769676184860764,1.999525421034237,9.997627105171185,0.7273070938312768,3.636535469156384
bjt_class_a_amp_8r,400,20,20,5,[42 88 56 80 18 36 13 26],7.539666137981086,"[41414.14141414  8787.87878788 55555.55555556  7979.7979798
 17171.71717172  3535.35353535 12121.21212121  2525.25252525]",18.530137131669,-18.718727396729907,1.8004045049669504,9.002022524834752,0.7540291699027513,3.7701458495137565
bjt_class_a_amp_8r,400,20,20,6,[66 72 98 61 14 54 14 17],7.756206826698821,"[65656.56565657  7171.71717172 97979.7979798   6060.60606061
 13131.31313131  5353.53535354 13131.31313131  1616.16161616]",18.979976288753853,-18.671067608036694,1.9733849227637936,9.866924613818968,0.7275182255032676,3.6375911275163384
bjt_class_a_amp_8r,400,20,20,7,[ 9 64 68  6  6  4 13  3],7.900006733808302,"[ 8080.80808081  6363.63636364 67676.76767677   505.05050505
  5050.50505051   303.03030303 12121.21212121   202.02020202]",19.23396255968708,-18.58104526209363,2.0092292948121706,10.046146474060853,0.7193853896079676,3.596926948039838
bjt_class_a_amp_8r,400,20,20,8,[73 61 82 24 22 15 14  1],7.723787429006301,"[72727.27272727  6060.60606061 81818.18181818  2323.23232323
 21212.12121212  1414.14141414 13131.31313131     0.        ]",18.849810114757215,-18.658797674620242,1.915063434157032,9.57531717078516,0.7336406217097509,3.6682031085487545
bjt_class_a_amp_8r,400,20,20,9,[42 38 96 71  7 62  9 74],7.470232031583035,"[41414.14141414  3737.37373737 95959.5959596   7070.70707071
  6060.60606061  6161.61616162  8080.80808081  7373.73737374]",19.278316881925118,-18.62489011945765,2.1680881854473313,10.840440927236656,0.7397654331932463,3.6988271659662315
bjt_class_a_amp_8r,400,20,20,10,[58 64 73 91 18 33  9 65],7.646188478279868,"[57575.75757576  6363.63636364 72727.27272727  9090.90909091
 17171.71717172  3232.32323232  8080.80808081  6464.64646465]",18.657601871890428,-18.692538298036922,1.8450752204732854,9.225376102366427,0.7440043023372895,3.720021511686448
bjt_class_a_amp_8r,400,20,20,11,[47 11 78 95 16  7 16 13],7.54647221870431,"[46464.64646465  1010.1010101  77777.77777778  9494.94949495
 15151.51515152   606.06060606 15151.51515152  1212.12121212]",18.503824429410454,-18.72645057895801,1.7857871217712695,8.928935608856348,0.7543973958790061,3.7719869793950305
bjt_class_a_amp_8r,400,20,20,12,[67 45 96 46 18 16  6 97],7.755279646664874,"[66666.66666667  4444.44444444 95959.5959596   4545.45454545
 17171.71717172  1515.15151515  5050.50505051  9696.96969697]",18.94013270251138,-18.62310527636182,1.9411368730814118,9.705684365407059,0.7298865593021032,3.649432796510516
bjt_class_a_amp_8r,400,20,20,13,[39 94 74 94  9 75 10 62],7.665801634327886,"[38383.83838384  9393.93939394 73737.37373737  9393.93939394
  8080.80808081  7474.74747475  9090.90909091  6161.61616162]",19.199272436518466,-18.80193223645734,2.1071694384599393,10.535847192299697,0.7230673639245135,3.615336819622568
bjt_class_a_amp_8r,400,20,20,14,[27 35 87 52  2 83  7 94],7.760571602888902,"[26262.62626263  3434.34343434 86868.68686869  5151.51515152
  1010.1010101   8282.82828283  6060.60606061  9393.93939394]",18.907019627666166,-18.68035026840138,1.9735078574441847,9.867539287220923,0.7320608673116176,3.660304336558088
bjt_class_a_amp_8r,400,20,20,15,[69 79 72 22 18 66 11 22],7.7191711770645695,"[68686.86868687  7878.78787879 71717.17171717  2121.21212121
 17171.71717172  6565.65656566 10101.01010101  2121.21212121]",19.02289145892846,-18.608978679960984,1.9778409169408153,9.889204584704077,0.7293157986031271,3.6465789930156354
bjt_class_a_amp_8r,400,20,20,16,[77 65 96 81 21  1 14  9],7.732019615690611,"[76767.67676768  6464.64646465 95959.5959596   8080.80808081
 20202.02020202     0.         13131.31313131   808.08080808]",19.04598055508242,-18.631785447240446,1.9924213055197253,9.962106527598626,0.7277284179276575,3.6386420896382874
bjt_class_a_amp_8r,400,20,20,17,[23 62 96 43  5 40  9 67],7.843233897907626,"[22222.22222222  6161.61616162 95959.5959596   4242.42424242
  4040.4040404   3939.39393939  8080.80808081  6666.66666667]",18.985408691882675,-18.73333677171565,1.9982383512537272,9.991191756268636,0.7238939976962663,3.6194699884813315
bjt_class_a_amp_8r,400,20,20,18,[22 36 73 62  3 69 13 31],7.783443984387214,"[21212.12121212  3535.35353535 72727.27272727  6161.61616162
  2020.2020202   6868.68686869 12121.21212121  3030.3030303 ]",19.02333862547789,-18.67743831825106,2.014844371383079,10.074221856915395,0.727284840652855,3.6364242032642755
bjt_class_a_amp_8r,400,20,20,19,[57 97 57 42 17 84  6 69],7.725008710347213,"[56565.65656566  9696.96969697 56565.65656566  4141.41414141
 16161.61616162  8383.83838384  5050.50505051  6868.68686869]",18.940391663577593,-18.649751778170966,1.9549288188397131,9.774644094198566,0.7309344004137037,3.654672002068519
bjt_class_a_amp_8r,400,20,20,20,[23 97 74 29 10 31 16 11],7.5477301989666445,"[22222.22222222  9696.96969697 73737.37373737  2828.28282828
  9090.90909091  3030.3030303  15151.51515152  1010.1010101 ]",18.782622612246236,-18.63873041998161,1.9670238654202201,9.8351193271011,0.7506034142958765,3.7530170714793822
